mean_interval,std_interval,click_rate
4.4461865425000004,6.0743466888053925,0.11666666666666667
4.76937721175,5.179424248428948,0.21666666666666667
9.09948813925,6.714623621178185,0.08333333333333333
5.5185450315,2.571617103499777,0.05
3.892340421666666,3.4531068152509423,0.16666666666666666
3.1979247423846155,2.197095330045735,0.23333333333333334
3.579863275857143,4.445699296187592,0.13333333333333333
6.4415385325,4.789445036869765,0.11666666666666667
8.538518707,10.402487723801066,0.11666666666666667
7.140862782999999,4.258486157554154,0.06666666666666667
12.952235778333332,12.570686352782014,0.06666666666666667
2.9331994567857143,4.702045090041461,0.25
7.939302484166667,10.590670875794784,0.11666666666666667
1.1901617843333334,0.2382888365266369,0.06666666666666667
5.794649124142857,8.756905902342877,0.13333333333333333
18.321639617333332,25.890883679135047,0.06666666666666667
5.414438777555555,9.498350235697847,0.16666666666666666
3.060389925470588,2.355256614221275,0.3
3.0539314746999997,3.380774553893407,0.18333333333333332
4.0417062385,4.984983924212818,0.25
3.1315381807058826,3.4101438752331528,0.3
3.4242255091666665,2.6790323943233827,0.21666666666666667
3.1281331437142863,4.060560889693506,0.25
3.5008842944615375,6.9848837977588785,0.23333333333333334
2.187448342666667,1.6900547409028797,0.21666666666666667
2.647853242111111,3.3009105884361327,0.16666666666666666
2.5654847027499996,2.2371390137846343,0.08333333333333333
7.125179358857143,9.357215894661376,0.13333333333333333
2.6433398022352943,2.8722441358378177,0.3
3.883281799461538,3.6190413880260626,0.23333333333333334
3.899123112333333,3.8076846660008337,0.16666666666666666
1.49738609775,1.2994957775580291,0.08333333333333333
1.673712492,0.9969380552961993,0.06666666666666667
5.1065597058,2.078197400334919,0.1
37.531548023,,0.03333333333333333
4.750750065,,0.03333333333333333
4.571671873375,3.3457715774622576,0.15
8.91183275,4.401613803552888,0.08333333333333333
4.1704313556666675,4.262827290074105,0.21666666666666667
0.6807739735,0.6062766839551784,0.05
4.759446919,4.557134497681208,0.15
4.30293905725,5.001225146918392,0.08333333333333333
11.48272721,10.897081504300973,0.06666666666666667
3.1763084994444446,3.5650854181724525,0.31666666666666665
2.673663967526316,1.4447270200119338,0.3333333333333333
3.732398563,4.475743253964118,0.16666666666666666
23.8018187285,26.124365127006982,0.05
2.26050062975,1.5100825734973593,0.21666666666666667
4.419989313428571,6.110274146474533,0.13333333333333333
9.6555155515,8.745583177865937,0.05
8.71466028675,6.030521285155491,0.08333333333333333
3.695516705625,3.531901001045306,0.15
9.644214988,8.395989567569638,0.05
2.30467683075,1.599964029129759,0.08333333333333333
2.713299681117647,1.7286953801405198,0.3
2.0960794886666663,3.137116826593683,0.21666666666666667
2.966091203733333,2.4816737821930053,0.26666666666666666
2.4937441725263154,2.331552405042175,0.3333333333333333
4.961730456299999,5.799790551506965,0.18333333333333332
4.5273157596,4.267578918343327,0.1
1.9930345687272726,2.9356314137857376,0.38333333333333336
9.938059012000002,12.998981562980601,0.06666666666666667
3.662738959,7.97892674396366,0.26666666666666666
2.527396072045455,2.544978654445648,0.38333333333333336
4.2105402945999995,3.8306099658602513,0.18333333333333332
2.9372551308333334,3.4098923850216885,0.31666666666666665
1.8185124132222223,1.3909154293289496,0.4666666666666667
4.2766654729999996,3.919199013398608,0.18333333333333332
4.69006930690909,3.7178247701178675,0.2
2.420832059590909,2.023002294379499,0.38333333333333336
2.034282622518518,2.160101752216956,0.4666666666666667
3.5669588298125,2.8745729562945295,0.2833333333333333
3.0504990816666666,2.77816917246068,0.11666666666666667
3.5856986522666667,3.553956267910115,0.26666666666666666
2.7316350434736845,3.864685959532215,0.3333333333333333
3.01097248,4.804646798665121,0.21666666666666667
2.940562831,2.620029000158244,0.16666666666666666
2.9222054104736843,6.974464839256468,0.3333333333333333
5.647024011600001,4.932082615498649,0.18333333333333332
10.589909613,10.376227353425596,0.08333333333333333
1.2792124271333332,1.2469035793245657,0.7666666666666667
1.5477490299473684,1.1691031200939352,0.65
1.78067480771875,1.285687363640601,0.55
1.4247451566666667,1.141706859473261,0.7166666666666667
1.47674107555,1.3123957163026025,0.35
3.7455484867999997,2.688280603691964,0.1
3.255824248,2.5747469743672866,0.16666666666666666
16.585458279,,0.03333333333333333
8.098464965,,0.03333333333333333
9.023348760800001,13.561518958822074,0.1
6.060307423,9.094806183301891,0.06666666666666667
5.784070690499999,8.1529743162996,0.11666666666666667
1.734497548,,0.03333333333333333
4.019058227,,0.03333333333333333
51.712397098,,0.03333333333333333
3.209284740352941,2.7227438255443865,0.3
8.738830566,,0.03333333333333333
3.9127893924666663,3.615884405913956,0.26666666666666666
7.370766321666667,8.365359609165873,0.06666666666666667
1.502289057,,0.03333333333333333
2.223046541,2.790653433826157,0.05
4.235772999818182,3.999022187162991,0.2
2.02223920825,1.0435150066003034,0.08333333333333333
0.932884137,0.11298668318853215,0.06666666666666667
3.6535398244,2.3043102130860786,0.18333333333333332
13.47515034675,23.457193621157806,0.08333333333333333
41.130126477,,0.03333333333333333
3.5887954712,3.0747272504072045,0.1
5.327616334,3.597689313556074,0.08333333333333333
4.5676368077500005,4.383670939911398,0.21666666666666667
9.353085438333332,10.515322697816913,0.06666666666666667
1.5536415576666667,1.3534874151279928,0.06666666666666667
6.418756206833334,8.768101542738085,0.11666666666666667
2.869744764388889,2.648484542528182,0.31666666666666665
4.599046866111111,6.744913529658601,0.16666666666666666
9.294872721,8.927139930600873,0.11666666666666667
3.1073987107368417,4.110451875264645,0.3333333333333333
3.8562161027500004,3.743247661307949,0.15
1.140357256,,0.03333333333333333
4.4006350518,3.128837540142902,0.1
7.711500008833333,7.3944746436908915,0.11666666666666667
11.503746414,15.18547651745218,0.1
4.639835358,,0.03333333333333333
12.333104372000001,15.5911934533665,0.06666666666666667
9.924983263,3.2190916585192344,0.05
5.215457737375,5.349658227221474,0.15
3.872468471333333,1.6393109164239787,0.06666666666666667
2.2018497519999998,1.7812526878771466,0.16666666666666666
1.710655237526316,1.7988604340402445,0.3333333333333333
3.2653968335,2.5105893575450398,0.11666666666666667
4.0083854437,3.250968815581712,0.18333333333333332
3.6809998512,2.706150148806849,0.1
4.45982140325,0.8877495569148413,0.08333333333333333
12.46087729925,17.962508640919925,0.08333333333333333
1.9527400735,1.170868954347614,0.05
4.45734483,7.705590564320794,0.08333333333333333
6.3541541364444445,9.1648558953082,0.16666666666666666
3.2943512960000003,4.123258667237091,0.2
2.5138691834285716,1.5413137338944427,0.13333333333333333
3.4246953249,2.865578564008975,0.18333333333333332
2.6117824826428566,2.702517815088053,0.25
10.108268737666668,3.1092525649417144,0.06666666666666667
5.585966189666666,4.756360497587037,0.06666666666666667
5.158833238888889,5.847569972292392,0.16666666666666666
1.8635698557500002,1.2218892371155337,0.08333333333333333
1.126490593,,0.03333333333333333
11.340088367,6.69422440986492,0.05
7.6942625045,0.3184727151422834,0.05
4.791977834799999,1.4916810985322333,0.1
18.5692994595,23.06942178680147,0.05
6.873780829571428,5.567288864731,0.13333333333333333
4.8794833422,4.996076747032811,0.18333333333333332
5.252154290625,2.974144835882229,0.15
17.75198245,,0.03333333333333333
2.892127752,,0.03333333333333333
5.652807712,,0.03333333333333333
10.942627192,,0.03333333333333333
7.260639608,8.818311510210131,0.08333333333333333
16.039975802333334,9.457568907236224,0.06666666666666667
6.363842845,7.857949503766322,0.11666666666666667
3.4266073505,5.279751740456409,0.21666666666666667
6.9649210770000005,8.213202388641077,0.11666666666666667
8.033184630571428,11.16275955709302,0.13333333333333333
3.3526509929999997,3.680988962928705,0.3
6.7833640575,8.456476195103077,0.05
8.36658644675,1.7022211944921388,0.08333333333333333
6.296734124375001,5.685054949439009,0.15
3.6656317540714283,2.708514674035317,0.25
4.623217192545455,3.53496325127134,0.2
6.356916533555555,12.10709801552655,0.16666666666666666
16.533544460666665,7.986871445809568,0.06666666666666667
7.174254322,11.451981630195814,0.1
7.447309221571429,9.043803880584486,0.13333333333333333
4.842096845166668,3.246250920984499,0.11666666666666667
7.78837591425,11.589457152039516,0.08333333333333333
2.825433424571428,2.6465923994889913,0.36666666666666664
11.181704600666668,9.091406005388805,0.06666666666666667
16.20095102,24.879163434556027,0.06666666666666667
23.0812197925,9.438049829335966,0.05
2.831185536,3.621154031643459,0.2
5.170610560333333,5.611166413079646,0.16666666666666666
1.737214186647059,2.255935465267087,0.3
3.5032177766666663,5.2263511702876855,0.11666666666666667
13.309473216499999,11.018660203574056,0.08333333333333333
4.1777618884,6.118719844040851,0.1
8.538752437,7.694506523993593,0.05
4.6672358172857145,2.7482813498903917,0.13333333333333333
2.4180063963,3.665213363849033,0.35
8.951758941166666,7.873993851209802,0.11666666666666667
6.306892130111112,12.149703139760613,0.16666666666666666
5.564806461250001,2.0349624901276915,0.08333333333333333
7.625791867666666,4.901759199398391,0.06666666666666667
9.40529364325,8.491670598306738,0.08333333333333333
4.84453972890909,4.729341357296056,0.2
4.4451451778,2.239786728491671,0.1
3.1786334365625004,3.434615178433224,0.2833333333333333
1.9591408967500001,2.874801877939205,0.21666666666666667
13.236466646333334,15.92737425661289,0.06666666666666667
1.6818279955555555,1.7083140061982671,0.16666666666666666
5.235613866272727,3.529949545542592,0.2
5.324377179,3.752159699667625,0.08333333333333333
3.5673241019166664,3.4987536627438964,0.21666666666666667
4.572249799875,3.4129194641345038,0.15
5.18259188525,3.358594758234525,0.15
2.1574669281666665,1.3259281620337104,0.31666666666666665
5.2157737494,5.15860040250418,0.18333333333333332
4.1147571801666665,3.6065950733490473,0.11666666666666667
14.712183237249999,19.558882312139204,0.08333333333333333
3.731748104076923,4.309750672651469,0.23333333333333334
3.6849024693333337,3.1477736456632215,0.11666666666666667
2.488475799529412,1.8009864466766163,0.3
5.690162473333333,7.031554523642095,0.16666666666666666
4.881744861571428,3.5694741939715797,0.13333333333333333
11.889339208666668,16.954228474068323,0.06666666666666667
15.184100786666667,13.387241310095757,0.06666666666666667
4.5701660315,5.354253892948663,0.11666666666666667
8.214328718199999,8.223297500908288,0.1
5.028952663636364,5.195761777966238,0.2
10.431290865,,0.03333333333333333
3.6258671284000004,4.001441368327369,0.1
7.117063828857143,4.045949318189573,0.13333333333333333
4.981628201272728,5.126265086406372,0.2
2.670338889,1.7211485616084437,0.21666666666666667
9.440982182666668,12.340125920629305,0.06666666666666667
1.3248777386666666,0.7384675282086449,0.06666666666666667
3.577781995333334,3.272101127540335,0.06666666666666667
3.3366511051538463,3.0090355124335715,0.23333333333333334
11.985598564,,0.03333333333333333
2.883049647,1.3927775679152716,0.06666666666666667
4.057200534000001,6.0793786983925475,0.25
2.032429571827586,1.6356565799915421,0.5
2.879154104947369,2.303284237054691,0.3333333333333333
2.6229679465500007,2.2075752975013465,0.35
4.890010065555556,5.11259986186981,0.16666666666666666
2.607471779,1.8403946533464244,0.2833333333333333
13.46663016075,11.822216943373236,0.08333333333333333
17.39523871766667,27.699633559828566,0.06666666666666667
14.3794437645,8.844668057072486,0.05
5.84157460925,8.918355456208726,0.08333333333333333
2.116315365,,0.03333333333333333
4.457990249000001,7.189975057756147,0.11666666666666667
2.8341256856999997,2.4527666990666206,0.18333333333333332
1.6713228821250001,0.5436254563242882,0.15
2.2845701695,1.1735870610015515,0.18333333333333332
1.605531985090909,0.8254052783247892,0.38333333333333336
4.317159964461538,4.182612358482239,0.23333333333333334
3.1150779326666664,2.581329036760035,0.11666666666666667
2.76797306525,4.026781514246693,0.08333333333333333
1.605309218125,1.1194576941682457,0.15
1.7178356646666666,1.4574052897293874,0.11666666666666667
1.580741167,,0.03333333333333333
6.978630482999999,5.331782665204093,0.08333333333333333
3.4754931032500003,4.38512055010853,0.2833333333333333
9.9060771464,10.245966403592362,0.1
2.3739091682799995,3.15311564019334,0.43333333333333335
2.9053244352500003,2.21369501502877,0.35
3.787155532866667,5.504199520260779,0.26666666666666666
2.100969818923077,1.3480505415859698,0.45
1.649161291,1.2376129306279402,0.1
3.875841193666667,4.423653679337273,0.16666666666666666
14.315669933999999,8.807526999391913,0.06666666666666667
7.608126640333334,8.30573210529067,0.11666666666666667
2.3113423585,1.9879672093388532,0.05
9.726497602399998,16.79959268913262,0.1
4.137784549285715,4.899449874584854,0.13333333333333333
2.3598876,,0.03333333333333333
7.2250128985,6.029655769027596,0.05
7.050522566,,0.03333333333333333
2.229280948,,0.03333333333333333
5.14201468225,4.72607448250402,0.08333333333333333
2.7567012575555556,1.6216521545606883,0.16666666666666666
6.98418205142857,5.6436363027201,0.13333333333333333
6.166964680000001,7.812142787006667,0.15
2.6813790256363634,3.7121822719730178,0.38333333333333336
2.4802293777058826,1.7331288475130184,0.3
3.193111897,,0.03333333333333333
3.0407466887499996,2.342239673513897,0.08333333333333333
1.517709255,,0.03333333333333333
2.7005862628823527,3.8008849157721785,0.3
1.87288108475,1.4830760510197702,0.15
4.033963024625,3.8434378831772347,0.15
2.4606951475,1.797151247080278,0.15
1.9182891249999998,1.619989615132499,0.15
1.742204019,1.73901403751922,0.13333333333333333
2.9696087043333335,1.2332361650777184,0.06666666666666667
5.034010768,1.267357589890766,0.05
3.944406100714285,6.252866114175796,0.13333333333333333
3.035643852692308,4.510482434951973,0.23333333333333334
6.201171338749999,8.052801258552062,0.08333333333333333
2.6669882535,0.8559439926235493,0.05
3.5663981835000005,2.5685591860318753,0.21666666666666667
4.5941484452,6.283225325906335,0.1
4.575961113,3.416003086212172,0.08333333333333333
14.5008592605,20.185256849387628,0.08333333333333333
2.7382006645,1.5751932821673105,0.05
8.310472368500001,9.041810447315273,0.05
15.060467839000001,17.829894674244223,0.05
3.0818406872777775,2.135436179504496,0.31666666666666665
6.4706733225,7.76122447912455,0.05
4.900568875363636,3.9632258667422433,0.2
4.110990206444445,2.410425183895574,0.16666666666666666
5.277824699875,10.060312765572313,0.15
2.4514584543333333,0.4649532005260986,0.06666666666666667
1.3678626219999999,1.0383974818474144,0.06666666666666667
3.977189382,4.248425899180849,0.11666666666666667
3.5119783197142853,2.6215343970431553,0.13333333333333333
2.9585975409999996,0.9067299353629756,0.05
7.265311718,5.789790129899532,0.13333333333333333
0.8304545875,0.14416177755917595,0.05
11.2366113665,15.009737267248708,0.05
3.217410564,,0.03333333333333333
2.9453018903333334,1.1615058749628875,0.11666666666666667
1.7626979351999998,1.7663012659290835,0.1
1.730317592,,0.03333333333333333
0.8056806325,0.3077733155589491,0.05
9.6853810786,14.32162548948883,0.1
4.5406096876249995,3.0713961977619944,0.15
1.440769911,,0.03333333333333333
4.965114506818182,3.033714061111886,0.2
2.4836294133043477,2.3825694478103427,0.4
2.398754767,2.0521515109789985,0.13333333333333333
2.1101597308000004,2.005667078647205,0.1
2.312495708,,0.03333333333333333
5.460117816888889,6.386822050487644,0.16666666666666666
3.45398527425,1.8032938400569387,0.08333333333333333
23.6081157925,31.066963815051484,0.05
3.443385125,,0.03333333333333333
21.703636646,,0.03333333333333333
0.935252189,,0.03333333333333333
4.9161845445,7.872173883676581,0.08333333333333333
2.855609894,,0.03333333333333333
10.81723219175,9.718316942908817,0.08333333333333333
1.63176524625,1.253582271506872,0.08333333333333333
2.1129967373333334,0.5638858485119232,0.06666666666666667
4.1483207465,4.63332915444182,0.18333333333333332
1.75809741,,0.03333333333333333
4.075581313,,0.03333333333333333
3.2374202864285713,4.439080020813089,0.13333333333333333
2.656067550125,2.13087796120392,0.15
5.369403322500001,8.10047077577848,0.11666666666666667
4.036773053090909,5.711002301586263,0.2
10.742986917666668,9.534191964459911,0.06666666666666667
3.1483904519999997,3.252049753539027,0.11666666666666667
4.953497197888889,6.6597094819425475,0.16666666666666666
4.7535839796,2.8736666466815084,0.18333333333333332
4.163266615454545,5.324334606876895,0.2
4.417815234888889,4.9974803678679764,0.16666666666666666
2.281627416,,0.03333333333333333
4.4687273502,8.381603185201884,0.18333333333333332
3.536266764,2.045683373930897,0.21666666666666667
4.855962832777777,5.432198086622174,0.16666666666666666
9.854475736666666,6.5570883532665025,0.06666666666666667
14.930339098,,0.03333333333333333
4.776190281,,0.03333333333333333
2.5334851745,0.5498980250868473,0.05
0.763559341,,0.03333333333333333
5.0601896045,4.814509190234826,0.05
2.818147384230769,2.6186908189165283,0.23333333333333334
3.0221919715000003,2.165822384604437,0.15
2.565297673705882,1.9460380366629624,0.3
2.5627863009999996,1.6761276479504845,0.21666666666666667
11.660694678666667,10.27572741063505,0.06666666666666667
6.618548440800001,4.286893185567944,0.1
8.309144576666666,1.1426249293969595,0.06666666666666667
1.3472704886666669,1.160893260092909,0.06666666666666667
18.84799695,10.434656736877539,0.05
11.3003144264,8.512389558459756,0.1
6.733972271333332,6.735422816845651,0.11666666666666667
7.368592262,,0.03333333333333333
7.5688105825,8.548676809967215,0.05
11.171266317333334,15.605384837900656,0.06666666666666667
7.892797828,4.168050037724727,0.05
6.457640886199999,5.3748047216357095,0.1
6.084024376444443,7.086657908493237,0.16666666666666666
3.3600603450909095,6.8910954485045846,0.2
1.9590843745714288,1.9204029984202722,0.48333333333333334
19.546246171,25.13263798033294,0.05
1.1032918296666667,0.7815265124768037,0.06666666666666667
1.435636998,,0.03333333333333333
2.280958970333333,2.8559735597912628,0.16666666666666666
5.339680480999999,3.207368742155017,0.1
5.130422830500001,5.486733048988345,0.05
2.8882858633999993,3.202613226875962,0.35
14.186641693,,0.03333333333333333
53.46949172,,0.03333333333333333
4.695425748666667,2.4199170378218775,0.06666666666666667
6.331066744714286,13.585830533609466,0.13333333333333333
20.70450902,,0.03333333333333333
8.03069823975,9.45291654583065,0.08333333333333333
