mean_hold,std_hold,mean_flight,std_flight,typing_speed
0.19849328637037034,0.3845238923427618,1122.9980521114073,5825.260469443195,0.45
0.11214479991176471,0.06220597705830925,0.9686421015882353,2.1599687541147596,0.5666666666666667
0.42513993807142864,0.6533704037115136,5.433037263999998,15.695066686928072,0.23333333333333334
0.17103908425531913,0.19936459931416253,1.4718203392553195,5.2701726540013425,0.7833333333333333
0.12347827488732392,0.07706686709631178,0.7977085113521127,3.012338964617308,1.1833333333333333
0.1361309411530612,0.10714100445805845,0.6414268478979591,1.2287286259222112,1.6333333333333333
0.16783605504225352,0.2576705576124582,0.8195488788732394,2.268991544190898,1.1833333333333333
0.13610788745714286,0.1464900008107667,1.6877514294285711,6.824098859181079,0.5833333333333334
0.21561333877777777,0.19420683925462193,1.3981860213703703,2.294778118751177,0.45
0.23772312387500003,0.40917175692682123,2.1460291326,7.254599075432684,0.6666666666666666
0.24653418994915255,0.3882873121021712,0.9589211940847457,2.8741913513721378,0.9833333333333333
0.12480113031333331,0.09093800346277083,0.42268297353999995,0.9199058299155629,2.5
0.09016141398275862,0.035345616374645915,0.37095205536206893,1.0980425623635433,0.9666666666666667
0.09181336577777778,0.03809170321026971,5.470484892611111,21.540752316197008,0.3
0.11822522304444444,0.1341763412130713,0.2761097890296296,0.5324297621089862,2.25
0.135421846787234,0.2006968279943076,0.8760333188085107,3.9540620427508033,1.5666666666666667
0.09708115028571426,0.03966579767674937,68.17237665538094,304.0390770998777,0.35
0.11208429699999999,0.026416463542027854,3.9719583254615376,7.183193237362921,0.21666666666666667
0.10978317715094339,0.0665020081109327,1.1077736458679244,4.496075800383347,0.8833333333333333
0.14747954359999998,0.15754066390438246,2.48377265932,6.13595692285338,0.4166666666666667
0.22773312649090907,0.33702336674159883,1.2761847019090913,4.134952022969844,0.9166666666666666
0.27142414456249997,0.24783855432618979,3.8054238558124998,8.210503136212138,0.26666666666666666
0.165484531375,0.3023091500786694,0.6832062954204545,1.7085800861602451,1.4666666666666666
0.1633289498,0.17126644876891906,0.36717651686666664,0.3109314439314472,0.25
0.095729559575,0.030751238836730633,7.660019373900001,44.159431549390405,0.6666666666666666
0.15861774510638296,0.16968425303114085,1.851773896106383,5.3189176106557,0.7833333333333333
0.11752212038888886,0.05232333080062794,6.4244460795,17.949678334172514,0.3
0.09754417358333334,0.03729650702504661,1.8097827434166671,2.865937100313534,0.2
0.4611285776875,0.43139829196805485,3.7235907167500004,11.216182308083392,0.26666666666666666
0.08865635395000002,0.02975766555177076,5.148597764950001,14.23707386620381,0.3333333333333333
0.09817920287830686,0.04191228855452444,0.2824461270899471,1.0647357209251846,3.15
0.10339792057920794,0.028465892431680566,0.29344715576237623,2.0042879788500154,3.3666666666666667
0.10774692242474916,0.03207671459258651,0.20312966949498326,0.48629987414702086,4.983333333333333
0.11462566828089886,0.06772451908830297,0.3394550018089888,1.9629122892639435,1.4833333333333334
0.089167398,0.02919873741926474,2.17078466,6.926653643485996,0.38333333333333336
0.09695555714285717,0.0628584620731997,0.9485087005510204,3.5169614220649654,0.8166666666666667
0.3721850135454545,0.7177211813916773,3.1330373395454547,9.61107215794751,0.36666666666666664
0.11074833869999998,0.09711846862171059,28.7146677256,89.18107546488336,0.16666666666666666
0.10641791416666667,0.03399192555495369,19.944412251333336,67.88125123719675,0.2
0.16717500687272727,0.20466172542698877,1.114334860727273,3.086882330830895,0.9166666666666666
0.1542547226,0.29709791576615074,0.5729175431333333,1.0411653858750183,1.75
0.253011449984127,0.5007867553165263,0.9164134320793651,3.1235470962775866,1.05
0.5186855983599999,0.7200510004711751,2.0236172580800003,4.024709066640829,0.4166666666666667
0.13040853089772728,0.09318499664430295,0.7363326034772727,3.4670722758969594,1.4666666666666666
0.11533988900961537,0.04091551162886148,0.5409299479038461,3.585264310097446,1.7333333333333334
0.3469975896756757,0.6165806546820616,1.703053848162162,4.31184660325015,0.6166666666666667
0.20919689832258065,0.18292474695165079,1.7774420476774189,2.4151470340902166,0.5166666666666667
0.11537769518571428,0.06603179204043094,0.8267107827285716,4.635646911573961,1.1666666666666667
0.549862572,0.5530018592207478,4.423787440571429,10.784486067089542,0.23333333333333334
0.1560765938409091,0.1662306004620849,1.4705776409772726,4.29881376790814,0.7333333333333333
0.26076633277272726,0.24964243680579637,2.7474126924090907,5.326454886918775,0.36666666666666664
0.21543457159999996,0.219888589439905,1.0889885289428571,1.2622800365398554,0.5833333333333334
0.15033107853658537,0.11945663080040043,3.203061324780488,15.389155932959037,0.6833333333333333
0.20380486757142857,0.23868760482380383,1.286146533734694,2.673042414574233,0.8166666666666667
0.10138245294478528,0.02782456696203436,0.24831911244785276,0.8104093848940347,2.716666666666667
0.26348188265714284,0.3183226712228639,2.1661686692857143,6.267950456833497,0.5833333333333334
0.18849565985999997,0.20048271208328042,1.41504091264,3.2363103250220524,0.8333333333333334
0.26529563038095244,0.39537336797231054,1.9046163218095236,2.97625431710446,0.35
0.3836979018709677,0.7367980379704481,2.181616244774194,6.996719044568558,0.5166666666666667
0.14218506625490196,0.14388228640105355,1.4273495487254906,3.9268097032002234,0.85
0.4730261507142857,0.6703388465479717,2.827673957428571,5.196381637109596,0.35
0.45052641964705886,0.547736744784649,3.524812950823529,6.064203133280609,0.2833333333333333
0.3777582826923077,0.35998867173851307,4.028510900615386,7.007778427521121,0.21666666666666667
0.47363468425,0.5709486595476266,3.05772558455,5.33200619315864,0.3333333333333333
0.21274358162790694,0.2917813402737455,1.557412613255814,2.2605099674858145,0.7166666666666667
0.10034983818181818,0.043172164067541874,15.727825793272729,48.832211466018904,0.18333333333333332
0.16469995784615382,0.27500868454620364,1532.0974112657311,7809.940309025274,0.43333333333333335
0.10926024416981131,0.07025482527198842,0.8735135906132074,4.874456340315588,1.7666666666666666
0.11349622709433961,0.08810640680726538,0.7447343652389936,6.3146086556747045,2.65
0.1228163756862745,0.10161212144375283,1.1660493635490194,6.278941404089945,0.85
0.33717259481818185,0.588494940271299,5.452327663272727,10.901836536942232,0.18333333333333332
0.14544846591764704,0.2707340201209208,0.6309884856705882,1.8148348906069454,1.4166666666666667
0.28139824542857145,0.3008064929117823,4.695511375142857,10.294237303578536,0.23333333333333334
0.12169124750537633,0.1462163538649277,0.5091120735268818,0.8904432728802675,1.55
0.12604595701234567,0.11870112425219798,1.4539892114197532,9.160683473406035,1.35
0.5573287863571428,0.7259005507388089,5.720777205071429,19.07469821156404,0.23333333333333334
0.5901250600000001,0.7814730256888763,7.657492327700001,12.735711704691333,0.16666666666666666
0.21854246376470587,0.42736137472741353,3.426464150941176,6.5083319170441785,0.2833333333333333
0.09853196129411765,0.03277142594659468,6.269608890294117,20.92685913809566,0.2833333333333333
0.26347719545454545,0.4713113772635018,1.3107788237727271,2.732004464559374,0.36666666666666664
0.11083054544444444,0.028334155985315895,3.1788235306666657,18.087452796994004,0.6
0.3222682954,0.46226053809292433,3.5011964321499995,10.930895506711298,0.3333333333333333
-1772084729.6323535,8.18626609612754,361.9354028702,1137.955052432846,0.16666666666666666
-1772084840.3367937,17.794263974820208,6.148542225333333,9.562027530294598,0.2
-1772084874.6899648,3.964083081344649,0.3095576763194445,0.7807407843526758,1.2
-1772084996.4948273,9.370374199290199,3.4171340749285717,16.76786912342699,0.7
-1772085051.1472702,11.500340316006527,1.766727089875,5.09460303409601,0.6666666666666666
-1772085143.9822428,13.90808794613876,1.115529186320755,3.726961401061587,0.8833333333333333
-1772085193.1045227,19.286669482514483,2.5732424498,9.308728088048841,0.3333333333333333
-1772085241.7248127,5.312935427358308,0.588938223337838,2.5046238349546672,1.2333333333333334
-1772085290.6061063,14.555136809016354,1.4085704216071429,4.655372801133247,0.9333333333333333
-1772085384.7968879,9.032454373592017,0.6247775195929204,3.9869401427865374,1.8833333333333333
-1772085446.0807943,10.490435421547149,0.6153860749081632,1.9321515325093648,1.6333333333333333
-1772085497.9009902,18.247260570392573,0.5045131535042018,3.063455910610808,1.9833333333333334
-1772085539.3959937,21.384271488030485,1.6689402648571428,5.558225506822903,0.5833333333333334
-1772085749.4170296,12.338237565402787,2.979854324758621,16.918389215212073,0.9666666666666667
-1772085769.2826457,8.656479070592914,0.39989805857333344,1.005430252499168,1.25
-1772086146.130579,1.3988919618748694,6.747137546499999,19.93198764524698,0.16666666666666666
-1772090666.1348603,4.487772942995353,60.46175582513047,499.2697340303415,1.15
-1772090760.9808419,14.647152264398589,3.0128374014642856,7.499249915839727,0.4666666666666667
-1772187793.5324006,10.00065631984752,3344.028536459483,18003.32731455475,0.48333333333333334
-1772187849.2543206,13.195347058724009,0.2819686308526786,1.1194505964493193,3.7333333333333334
-1772187949.8681285,6.160705629815452,1.0064802745172414,7.323612528450486,1.45
-1772188029.2104595,8.958201154966593,0.5230963617951807,4.274685560697262,2.7666666666666666
-1772188230.88525,4.836213503461139,2.407599700805555,18.618753217753326,1.2
-1772188268.3022926,18.84984767815522,2.605679379611111,7.162425741355021,0.3
-1772188530.5479708,5.478270462893697,8.69200378451724,43.293350360008965,0.48333333333333334
-1772188571.711135,3.779922327530987,2.6219942728666665,7.210512910181183,0.25
-1772188612.5929337,11.972283794693064,3.0754615217500003,6.721666778150635,0.26666666666666666
-1772188678.0226033,19.455191236449664,4.387682733095239,8.948369322205425,0.35
-1772189107.4626572,11.687531775334149,15.591313756043476,68.81612993078306,0.38333333333333336
-1772189289.966158,24.60081256787992,2.2195579652592596,5.641000826768102,0.45
-1772189333.6263576,12.329295680056584,1.2548856484210524,4.059105632884003,0.6333333333333333
-1772189407.8243573,6.761603180047502,5.3565301895,10.92783055946262,0.16666666666666666
-1772189486.8258758,4.974476280311164,6.184586873461539,16.45652900730573,0.21666666666666667
-1772189667.3952963,5.742419211410013,14.836180882,43.40905738982595,0.18333333333333332
-1772192399.2411532,8.494769969585592,33.5354437947,143.8826740020183,0.3333333333333333
-1772192464.6254377,15.073597562897485,2.0851980514166666,4.685166744525459,0.6
-1772192507.278166,1.8725629982627716,0.4989809867692308,2.1260784607350596,0.65
-1772192622.88252,2.645085808882301,0.5566466954615386,0.6239254845669227,0.21666666666666667
-1772192728.3488226,7.98085719412021,2.5031241070227277,12.905766628594462,0.7333333333333333
-1772192767.5134158,4.7024544458580415,2.4412256082000003,6.736161449420634,0.25
-1772192841.5155187,14.877154881017827,2.950657912642857,11.678860616468349,0.4666666666666667
-1772192882.1408756,19.153149623097296,1.5335844028292684,3.0832889537925707,0.6833333333333333
-1772192963.5345242,17.27188570761676,0.7678214205949367,2.127044150666149,1.3166666666666667
-1772192990.8821511,11.785646181400395,0.772812250195122,1.7981999591963274,0.6833333333333333
-1772193059.3107653,21.11584641341999,3.872483838681818,8.469267290406112,0.36666666666666664
-1772193120.2946324,17.032615134005727,2.7982635233333335,5.867638987441121,0.3
-1772193194.0264435,24.20040827269887,1.2493375686140349,4.264198783075807,0.95
-1772193308.9000602,20.51412898212283,2.43835439534375,5.926934755920593,0.5333333333333333
-1772193359.3470352,11.860757368449809,3.531695561,3.5889044653351405,0.18333333333333332
-1772193443.1185572,10.728327268015915,1.3597514244838707,5.614003918650415,1.0333333333333334
-1772193468.6639576,10.849708648275865,0.6269666996382979,4.16638386742825,1.5666666666666667
-1772193543.8467603,16.10413317690431,2.5963710308,3.2389677675958617,0.3333333333333333
-1772193611.08511,17.44205905999886,2.9852332743636354,5.311770137267438,0.36666666666666664
-1772193677.6575928,19.11029065440186,1.8703805128666668,4.672729620271104,0.5
-1772193744.8872964,18.576883750167028,2.594519019153846,6.584890969511686,0.43333333333333335
-1772193774.1284828,17.41102728018503,0.8885127859464286,2.7216196462359985,0.9333333333333333
-1772193915.0644767,13.407425039652912,5.9886775732,10.385368110625018,0.16666666666666666
-1772194031.0107548,4.406306365301831,0.556985846050633,2.95489934865688,1.3166666666666667
-1772194347.4787843,12.033096538554162,3.6554075744444443,10.023011314236415,0.3
-1772194407.051083,18.88248679832952,4.464463642642857,11.548650821205053,0.23333333333333334
-1772194458.4641812,6.516190831663248,2.5164922773750003,7.760526581760398,0.4
-1772201225.438863,7.7829678155549376,1.9761817306250002,10.357121699350966,0.8
-1772201298.552189,22.174968228946916,3.849740884500001,8.350568735745995,0.36666666666666664
-1772201349.5079658,15.46387961797272,1.1752956846521738,2.9820720595276833,0.7666666666666667
-1772201477.4861538,5.516860866151139,1.463623453074074,7.866856624013247,0.9
-1772201533.2963095,12.600725813393957,1.5941280764186045,4.637062653608019,0.7166666666666667
-1772201596.8684857,7.7803038241813125,1.3963462770000001,5.44042429837231,0.6666666666666666
-1772201661.7337558,15.401081032159688,0.8777075538101267,2.3173138876938553,1.3166666666666667
-1772201768.7037678,16.38297950626057,3.703716754882353,6.24219294887145,0.2833333333333333
-1772201888.5446913,14.297588600825412,5.272792915500001,9.289368198181402,0.2
-1772201961.9707851,9.802628220841854,1.268723433473684,5.460530556103632,0.95
-1772202015.8108816,19.32190681361341,1.1171458532264151,3.289666471534081,0.8833333333333333
-1772202052.388465,12.453254096906546,2.7238489687499996,5.943859563870604,0.26666666666666666
-1772202190.3063982,8.181062454844058,1.9520463159589043,11.926874465876573,1.2166666666666666
-1772202231.6036584,12.776980187274589,0.5246558700357142,2.980940709391635,1.8666666666666667
-1772202304.9360425,14.316235099232854,1.887701570964286,2.578921839240211,0.4666666666666667
-1772202378.0404506,14.041526250018185,6.7966374636,10.336026533541435,0.16666666666666666
-1772202496.843479,14.58548524655506,3.7026923771724145,10.396343432702741,0.48333333333333334
-1772202548.4358783,3.336308365130555,0.62885319440625,3.5471208876731786,1.0666666666666667
-1772202617.7290275,9.432770585746892,2.5216669728709684,7.94801211049379,0.5166666666666667
-1772202666.475845,13.670804370642317,1.5767441053783786,1.9275964621034307,0.6166666666666667
-1772202723.8611917,20.87143404953439,3.682934178222222,8.164448305532654,0.3
-1772202800.1421723,12.634064713763603,1.281365323075,3.8741718167485275,0.6666666666666666
-1772203477.0707722,0.7320697542892942,65.7354632616,207.10368425233386,0.16666666666666666
-1772203529.5279016,0.8919847043585025,4.073943798384616,13.887786746958497,0.21666666666666667
-1772203708.036717,7.608352779615776,1.8806778693200004,15.60207274872562,1.6666666666666667
-1772203738.183096,20.61318545934939,1.3951417854857147,5.570991207250407,0.5833333333333334
-1772203807.3098323,21.363912538784803,1.0297466810144928,2.5331882799424617,1.15
-1772203863.5432315,5.210948378818468,0.3197999986346154,1.4862147849996443,1.7333333333333334
-1772203930.126295,11.27577780417064,2.0387661224390246,8.258158995239574,0.6833333333333333
-1772203974.0746424,14.25966389927911,1.7536295161470592,5.394809138919531,0.5666666666666667
-1772204038.7060425,12.473159018856125,2.412279595521739,6.261554657610782,0.38333333333333336
-1772204108.1483817,20.026785670962948,2.1861746867333336,4.019262723558304,0.5
-1772204159.9621043,25.12442270523004,4.776812076538461,12.837804157027337,0.21666666666666667
-1772204235.0043,17.44885817937284,1.7878454598787878,3.15252775873609,0.55
-1772204293.0159633,18.2843025335062,1.9395643870000001,4.308266703239899,0.5
-1772204331.0319142,12.385431987135753,1.4070161580952383,6.406218079796692,0.7
-1772204409.9678853,26.268113574604655,4.524407931714285,9.456462711381953,0.23333333333333334
-1772204457.1954968,13.67051806698161,1.3099869823600003,3.202081850862873,0.4166666666666667
-1772204530.5854115,12.52938518195488,3.130906013346154,8.439010659793064,0.43333333333333335
-1772204600.2138155,0.6240775555722744,3.2561380386000005,12.08963015929193,0.25
-1772204692.076343,10.003151905518283,2.066346828769231,3.581714812699753,0.21666666666666667
-1772204779.7558234,15.201000543834857,1.0352389653555556,4.3293645325438,1.5
-1772204815.471834,12.61422379087804,0.5381005841351352,2.361510259616172,1.85
-1772204869.0856862,7.684917224285358,1.2656949043,2.332532649766052,0.3333333333333333
-1772205009.0209455,11.591899320972841,1.095984391366667,4.981967440217994,1.0
-1772210775.9621475,3.810443808206076,145.00626574335135,880.1432783121174,0.6166666666666667
-1772211007.0564752,18.406003345177698,15.795141238461538,46.05602227487947,0.21666666666666667
-1772211508.5051084,1.3589112167146626,18.402629566199998,56.64694552005556,0.16666666666666666
-1772211562.1631887,10.1667020052635,0.663229371059406,3.7121508046899683,1.6833333333333333
-1772211601.3203237,12.633428051843145,0.17362317454545456,0.16429609882483165,4.216666666666667
-1772211776.179635,1.3747665159318179,0.8443038622666666,3.726712946526343,0.5
-1772212166.5018709,7.9284659903055275,2.986835321380597,31.1123784975924,2.2333333333333334
-1772212259.9776382,8.425316915422876,1.379477821551724,8.50799586007925,1.45
-1772212322.0873551,6.18352195788938,0.5975580883,2.0172393075979516,0.8333333333333334
-1772212454.8796556,17.072201792784917,1.6984962519411764,11.508928148074363,1.4166666666666667
-1772212516.176449,12.639416283547025,0.518423309480315,1.3668444677930083,2.1166666666666667
-1772212543.5636027,2.7248632620709223,0.1488905799032258,0.08928836514300356,1.0333333333333334
-1772213372.6902804,11.094649465924478,2.9946229765483876,11.142533476643054,0.5166666666666667
-1772213397.1497924,22.624024827565282,0.7052025626705882,4.937033990763963,1.4166666666666667
-1772213464.753575,21.224530005578945,0.49204992075409837,2.5224239015080694,2.033333333333333
-1772213517.600991,21.261994334873187,0.7038894344823529,4.316674772082098,1.4166666666666667
-1772213564.9875076,3.713613214759875,0.19855676327941177,0.2305063165822848,1.1333333333333333
-1772213634.9466968,3.551814734499514,0.9764296736,6.750820917196269,1.1666666666666667
-1772213719.3505895,18.919601446409207,0.7191481502,4.440014421502945,2.25
-1772213755.6210027,13.887136784739747,1.8470505419047616,5.478088499107534,0.35
-1772213824.8079503,18.18492193939056,6.539969015099999,11.531919144828628,0.16666666666666666
-1772213909.648771,10.780275092201798,1.0274126625066666,3.8021122695470173,1.25
-1772213947.394124,20.004390715196646,0.4428528465086207,2.115024051791994,1.9333333333333333
-1772214072.33385,19.63645693550055,1.8577302262463764,9.607383807554294,1.15
-1772214132.0086684,18.645356345995587,2.3921116638,3.989223266391351,0.4166666666666667
-1772214167.561142,4.686613879269495,0.45687770492647056,1.7332738315853904,1.1333333333333333
-1772214260.1965692,5.383575810698082,1.1650542722058825,7.193276553231012,1.1333333333333333
-1772214372.8212316,24.718741823121416,4.196013704419355,14.9789419586233,0.5166666666666667
-1772214406.2587228,7.5428673672266155,1.1565803771276595,6.326349058008483,0.7833333333333333
-1772214503.7906044,3.8054373777661104,1.392169201375,6.833359294989168,0.6666666666666666
-1772214610.54762,19.38102519126824,4.34857990824138,14.541470620867232,0.48333333333333334
-1772214643.8031054,2.184210870916454,0.3169267428684211,0.7316400302219748,0.6333333333333333
-1772214742.361557,19.12438913571247,4.2828868168846155,12.80276959605194,0.43333333333333335
-1772214762.0560598,2.2817307377607103,0.22335094213888887,0.24903958707532883,0.6
-1772215024.9157758,25.397555761864307,2.334877406395161,21.527292925100358,2.066666666666667
-1772217412.411212,3.812852646929501,2.171339933692308,4.224601024054274,0.21666666666666667
-1772217738.0382216,12.58963720694449,1.7217473795526317,3.5243045618444997,0.6333333333333333
-1772217798.475072,19.75317796089061,4.997172832545455,11.423466589661608,0.18333333333333332
-1772218036.3580303,21.220715494839116,3.5243551450588235,4.196054729526806,0.2833333333333333
-1772218063.9852855,3.5253538771639494,0.7822918380714287,0.5295008947384746,0.23333333333333334
-1772218158.5370166,5.935235024074974,4.90668981075,17.42901884986546,0.3333333333333333
-1772218205.2532463,14.911417268664144,3.0001616261363635,4.297566563371495,0.36666666666666664
-1772218388.7241502,19.182445483990886,4.822840122076922,6.879461194856527,0.21666666666666667
-1772218449.6644502,9.364041105624722,1.68181991575,4.002815355056833,0.5333333333333333
-1772223739.9188302,4.3106795850643405,0.6519318072000001,3.442354491116677,1.25
-1772223800.509,1.1249748673940736,2.2919008135833336,10.411418732294747,0.4
-1772223846.6301763,7.319674547206282,0.3983290364539007,2.690823923389169,2.35
-1772224013.7672944,7.070435660942973,1.3732447412222222,10.423946358433787,1.5
-1772225392.3837883,11.285069607714055,5.229620780214286,13.762729562235826,0.23333333333333334
-1772225451.159188,5.221482922585252,0.5634713103495146,3.809576963856415,1.7166666666666666
-1772225834.1537814,9.94781521769507,3.1724051158934428,31.334349600776697,2.033333333333333
-1772225923.1775486,0.8835597111833493,4.437756875,17.61117815192142,0.2833333333333333
-1772226143.0895987,8.037727936007117,0.7909427899318182,6.751443526811645,2.2
-1772226172.5742054,4.92757231538429,0.32478254181428573,0.5325541788964361,1.1666666666666667
-1772226242.828043,7.352327802734046,1.6281144420416664,7.971817423232673,0.8
-1772226388.8442283,5.456560282757103,1.6600895186506024,13.073290004737643,1.3833333333333333
-1772226428.9967754,6.3299508777263735,0.7534736940338983,2.813162876571805,0.9833333333333333
-1772226480.2652938,19.453832077851953,1.0097467443529413,3.0909498876440447,1.1333333333333333
-1772226541.3708172,3.831757085548751,0.6758826183962264,2.740681096899972,0.8833333333333333
-1772226790.889678,7.176984617648487,2.6773440662105266,23.61132214563468,1.5833333333333333
-1772226843.8092492,7.9280869804914005,0.3825315913648649,2.395630076249464,2.466666666666667
-1772226902.9400299,9.956628875442618,1.1291481080655736,4.480077911392393,1.0166666666666666
-1772226969.0600898,11.857381672007238,1.0021078879298244,3.578082868906127,0.95
-1772227054.1627994,2.2697236706501136,1.6263444890217391,9.965827418053479,0.7666666666666667
-1772227153.9471166,9.344363606530226,2.040606732947369,9.4715714204629,0.95
-1772227213.4112196,10.98421511143538,0.5454292274271845,1.774370779292818,1.7166666666666666
-1772227277.8971422,8.980434501211466,5.274425809999999,10.761349677805397,0.18333333333333332
-1772227571.0808537,16.02084461535534,3.2372722149000004,13.468842828619906,0.6666666666666666
-1772227621.0124187,11.966098064096911,3.1821367144500003,8.644070345172919,0.3333333333333333
-1772227704.864584,14.768184857695871,3.284693216,6.78546197547959,0.31666666666666665
-1772227877.0216718,2.023847118553776,3.892848527425,23.613602986459856,0.6666666666666666
-1772227951.7274575,3.347823422796766,7.7361696005,21.156440679550524,0.16666666666666666
-1772228034.7329054,5.311270564296557,0.5131499171346154,0.9022621864696515,0.8666666666666667
-1772228174.6263442,19.545063203478083,1.765009433025,4.063536915238742,0.6666666666666666
-1772228223.187779,15.686870445503224,2.0552234734642854,3.667311266495414,0.4666666666666667
-1772228291.288942,17.487294696555775,5.283454829999999,6.629832717642017,0.18333333333333332
-1772228424.5032005,10.382387718965179,6.291300824714286,13.580757768975944,0.23333333333333334
-1772228441.6100254,1.6095777820309787,0.7460744857,1.0388029356489834,0.16666666666666666
-1772228717.9012668,13.685324903049143,2.3820167169512194,8.655238198313386,0.6833333333333333
-1772228753.2124453,8.274438963992633,0.44619495013207555,1.0605917645549068,0.8833333333333333
-1772229092.5776975,3.3824369026486325,11.551777519034482,59.99690253780163,0.48333333333333334
-1772229348.4665453,2.253556061981867,5.729075792675677,33.51161594100107,0.6166666666666667
-1772229441.9495163,11.29353069880769,5.438452548444444,15.447290397515228,0.3
-1772229655.3028672,11.459736578242952,6.723634972294118,21.26722329865349,0.2833333333333333
-1772229746.1468558,6.163072992992088,0.9095804498686869,6.808928479465202,1.65
-1772231032.7929854,155.60683492430346,38.00898223764706,153.7297618596121,0.2833333333333333
-1772231363.1541257,7.169752558886993,1.5148850783592234,12.87247999803663,1.7166666666666666
-1772231418.3518305,12.464727682925794,0.39671037104545454,1.4603704645371385,2.566666666666667
-1772231453.0041745,16.37113326860876,0.7814063218923077,4.113150374467757,1.0833333333333333
-1772231639.1752367,9.363683155566507,15.125137307363637,41.183531618216634,0.18333333333333332
-1772232379.5618606,11.237588469311568,21.7806762737353,122.20146159546698,0.5666666666666667
-1772232420.4660392,17.66659736653091,0.8126728565714285,2.94416572463995,1.2833333333333334
-1772232470.438577,6.265877869959768,0.2357816828666667,0.35919274150365343,1.5
-1772232963.7617424,5.338138917175693,31.725447633090905,100.73801850383354,0.18333333333333332
-1772233351.3392103,5.258494432434585,5.811150889069768,35.747856501786394,0.7166666666666667
-1772233370.4346826,9.270008245752376,0.5339273327857144,2.234691081705646,0.7
-1772233708.2926009,2.209369112710921,8.614848938848484,48.242900888554296,0.55
-1772233757.8317115,7.650855132273226,2.411847740416667,7.579454458434921,0.4
-1772260319.9912848,139.29691956466698,13.81202832707547,94.82264876258354,0.8833333333333333
-1772260383.170716,20.56927192345635,0.7638118565,2.4460283546300454,1.3333333333333333
-1772260453.1049259,23.950784605261877,0.9220411960923077,3.874577424705285,1.0833333333333333
-1772260510.7977388,21.07341192398896,0.6327027274731184,2.270225447288795,1.55
-1772260568.594733,18.401962986580344,0.6524029539042553,1.9719593089769518,1.5666666666666667
-1772260651.765775,17.43907277328447,2.8565435636190477,12.177386697128046,0.35
-1772260681.3717096,14.415942561016042,0.30909676072327047,0.7935107741811191,2.65
-1772260846.4121065,2.5283146850060945,4.232330616764705,23.04406988499558,0.5666666666666667
-1772260981.7707179,6.7103299624275055,1.2881925827889908,11.304331873318409,1.8166666666666667
-1772261049.9038389,8.546090786707373,0.6693636455714286,3.929906443159954,1.8666666666666667
-1772261167.8947368,4.844725366994101,1.1909223371935482,9.626243679196117,1.55
