mean_velocity,std_velocity,mean_acceleration,std_acceleration,movement_density
561.5668929279173,729.4631244775447,-218.1976314730806,74639.42176241349,1.2333333333333334
767.4258672483612,1619.8807318920908,-14480.100903720248,49297.60915323633,1.2833333333333334
2103.6875538145864,3246.1195797938194,-23906.548898510886,185300.4819694235,1.4666666666666666
1427.9277642737216,3087.0136479906437,12045.627970601945,568274.3423800155,20.25
1804.7633236125919,3807.070697801589,6204.079207613218,306137.68799800763,15.3
1451.1490019693085,2923.6066996530053,5070.516738933942,248753.09592330444,14.3
1937.4191755353752,3126.9377247838097,9800.175397388071,320366.3733880565,7.266666666666667
1331.1150728569137,2682.661005141473,8028.334586898805,309907.0664948528,12.383333333333333
1341.2545852089972,3691.4970254382756,19744.10437112477,670086.3539635165,16.733333333333334
1649.2120884238636,3179.526624644166,5375.191839572485,283169.3797657359,8.766666666666667
1256.8217218371683,2261.474320302513,201.64756318183677,183010.19337574887,11.833333333333334
942.1495255127145,1726.9791934766517,2554.2875631847396,136634.7789627243,6.95
892.0714313574586,1684.0823004329854,67.55208414534869,143347.51893902823,9.583333333333334
1373.838597434996,2869.772090209328,6120.586237660604,309218.0325484052,8.3
820.3867323491559,1717.3103938515326,7610.830291195266,215631.16329675564,24.016666666666666
945.6445817399226,2016.2239995363082,5273.938249893056,192824.04817149363,16.766666666666666
1426.9712135980635,2653.0828721977336,1284.6920732317803,202977.4956178237,7.05
1399.6893290842502,3158.486997994704,9194.700770389878,258395.71118549324,22.566666666666666
912.8174420336042,2098.6105445896924,1182.089740561355,199338.27577651708,9.366666666666667
881.4304049394423,134.85269586774757,-6044.990094854212,29741.720888601838,0.08333333333333333
1651.3066269269798,4448.964616115708,5194.81369914126,392341.3452287746,1.9
1650.4360626301755,3830.493939122758,3820.0550886008205,329375.23392680247,15.75
1258.6357980060313,2750.102038356345,6113.0630135390975,217810.66185079765,30.666666666666668
2593.663575959177,3798.293406809185,12094.211643035113,396197.7732163372,0.9
3692.054202334021,3582.4096070704354,-2441.1193672394597,252373.2121565955,3.7333333333333334
1370.7113830638366,3454.971449589186,11186.297755976808,355188.2676544644,13.466666666666667
796.4936533895448,1748.0034609812958,8607.329754332291,245301.6019108427,27.116666666666667
832.8505976963587,1907.814580978697,5742.500332352088,192468.42725964056,22.583333333333332
1443.7992938460372,3347.944341005357,11038.103337839524,362597.4327541797,29.35
1217.2212479733084,4573.415820627099,28318.51771155564,2053057.347807316,20.9
1162.348293445547,2607.5444745571663,2436.726281380843,200267.38433909818,11.533333333333333
1626.4771963892724,3364.0793118676493,4466.455073818248,290375.43639966095,16.383333333333333
1645.0066268212981,2800.6930542575483,10966.312598967445,327852.3676987928,2.25
1156.9663096661318,2599.0079289888627,9792.937005697451,310700.6281447158,17.6
589.1083035378912,1189.0373777738896,7019.605466759492,111158.67410927344,6.133333333333334
819.2437370081019,1483.686051159001,-7059.364825932472,134995.76519610384,0.7
704.0191854315957,872.7312014604812,1353.4980937881292,111266.18072207348,3.85
802.6413177863363,1127.24952850002,229.48788518294404,71603.4812594473,3.816666666666667
1200.7025304522003,2615.663551954985,13537.925679381015,357626.69306539366,10.2
1199.7023340308142,2468.506863122061,5866.681287031142,231688.54557889936,21.966666666666665
746.0974964805885,1468.2126146485375,2597.4230897520197,123856.40194263456,25.0
1122.1264717281972,2764.3138954894785,4217.879275577534,198800.8208872064,19.583333333333332
1916.0440929939684,3936.1633613218496,-3160.4432742723284,272060.8160556911,4.466666666666667
1825.5621241110362,3467.592135774883,899.7930332593371,247549.59183138603,3.7666666666666666
1538.0308877772227,1326.2188249708415,7326.415186823641,182923.63193909565,1.1333333333333333
1174.54153668789,2181.103929775403,4810.599932096733,191459.36246656984,6.933333333333334
1761.2864800515704,3453.50599478843,8943.762163827643,280489.7556617274,10.1
1173.4245490642434,1923.0026520793888,1107.9065469013294,154957.30781211623,2.3833333333333333
381.17993986037527,571.3092378545361,2974.2285417420535,47938.129333308694,0.6666666666666666
1991.8222140869952,3910.761643430503,-15010.834801441673,343651.7620307316,3.0
934.186721679241,1999.4160258211548,1190.4094297748622,158705.29837878078,21.5
1948.637878030894,3512.0421475126464,7581.905958259773,353877.6556440816,13.1
1741.7559747783464,3153.8556284723436,2864.1335364031543,222296.92999799075,15.7
934.5434893564945,2081.3220486460295,3923.1742040488643,187251.8516558179,5.583333333333333
597.9074546208877,1200.377603144432,2424.0128272017,129789.24956711047,33.766666666666666
1000.3967766814229,2283.9049249020127,20.68378534276584,176320.36467302628,8.65
2186.3956087829706,4110.766521035464,2215.4140559519064,305277.8477942392,4.816666666666666
1508.3987260318313,3064.9796195044555,2353.390583195277,204716.35996692488,37.38333333333333
1009.7194402701497,2102.8563916382936,2342.91187610985,161684.6536198581,42.516666666666666
2030.3520397918119,3577.022491714966,2125.451431023664,202996.45880823833,23.9
1248.1633365432813,2960.0301790676513,17609.01290292678,456602.71453237603,7.45
986.8469424635462,2232.384913134634,1706.8318145079857,146249.4463056573,18.35
978.4139618252441,2061.877630747991,1811.435889620795,152154.40835837522,19.25
1796.6216203308127,3235.578645244105,8083.307799346341,261805.56397453469,10.033333333333333
910.0069735588637,2266.0247316420523,818.0730842597458,156834.47274806665,19.4
1081.586653207914,2266.0737300622427,1685.7842983235462,171035.36529723014,22.85
2101.481520859127,2954.3708749101634,7045.312476637822,295534.8711663516,3.2
1946.1301447429005,4225.927645187265,-164172.94678304874,392705.58147028345,0.3
1056.8345747957765,1975.3266631573308,782.1635664649268,117097.48997330468,6.5
1759.414945071621,6134.420094155665,-46598.12199927184,735525.5040557688,3.1
1525.5685693282226,3122.649913466311,3729.7909186731367,226356.53912372576,14.95
1429.4927974766606,2967.362412425217,6554.761372197813,181264.51523405322,24.366666666666667
927.6561604801249,1878.1191026539627,1194.6397919106682,146975.8566202446,10.933333333333334
800.3864661163916,1366.0377552913194,1382.2875941829934,104808.56613121167,27.983333333333334
1095.7059487986483,2394.2952397429917,3284.471637548539,206486.97276939198,22.783333333333335
748.3910044456637,2141.3660963421244,4257.510680713378,213086.78299133966,15.816666666666666
1505.2416962388681,2459.0458331731134,-1449.22557557494,167265.22387127337,5.25
1358.5636353609655,2984.3853788669003,3911.6304386588936,279589.92393783457,15.9
1190.9063468759882,2321.059810473814,1657.1199977903148,198225.46959446,9.733333333333333
1064.2882069795694,2468.996819346616,3479.076339315468,178992.11609677886,20.066666666666666
1117.2185892492234,2619.954510357681,3811.9806007335783,202511.78049567752,34.733333333333334
1581.7401232558666,3156.62134371154,3323.427822945895,236000.45956151476,28.816666666666666
763.2351312128077,437.47120710891977,-14457.511667180315,41322.74103573389,0.2833333333333333
1001.1000685741695,2121.8181989304085,-171.8950101407317,113363.93533140064,23.683333333333334
1247.2080804273842,2440.2673041061207,5929.222054888861,231140.2062608141,29.65
1925.7847201844343,3630.1378431394755,4565.902872983065,242026.17707005184,13.833333333333334
1367.3823327938173,2689.3789644062713,-6026.475713419889,238886.61287248196,3.8833333333333333
1270.403270806622,2690.798266124414,2731.5208453245136,214317.6603956581,25.783333333333335
1083.9345116909476,2325.4627071687282,2016.3360017310881,177820.62468980436,36.93333333333333
1360.2144599594044,2786.3866567929176,2859.7444521711736,210978.10011839855,32.78333333333333
537.5427915270024,1080.3950304247405,1377.1690214554333,85468.26371001914,12.283333333333333
1285.816998355707,2543.586254074314,1481.4678826853838,179423.17780856736,12.8
1193.4697883117342,2165.441595889697,1107.6933680433212,161616.66556358442,25.25
1174.6784915433993,2724.4580111825017,2346.886086097761,164135.9665757128,19.316666666666666
5021.122514776573,4628.253029034311,-86425.51299601539,120664.17243850973,0.31666666666666665
814.0535646234499,1425.3747218722856,215.7387605979439,98526.70360845457,12.666666666666666
1937.4147552502873,3542.7570388287945,3332.0333883771673,218380.51967136274,14.383333333333333
1101.2343593395572,2325.8587059348415,1574.079886432759,158544.86094701113,21.983333333333334
1348.777097519221,2775.4225425899326,4265.559118712983,222042.05868539202,23.5
1489.9276251979845,2681.236315994189,3820.0832723212056,204094.4350412907,10.566666666666666
914.5784964078654,2202.3411568105653,1093.0106892827632,184682.99594514843,25.316666666666666
1232.3761398030588,2411.3763544040467,3166.162882262228,193905.67676298818,37.96666666666667
937.7490528911457,2029.1562096109894,2272.5014907832556,164027.83688098178,37.4
1570.5931791139838,3041.651855049493,3087.8623997108743,226937.2480412202,28.1
1885.9688942106154,3058.3205878740782,6999.375864983714,272008.69085306255,16.65
1147.1535818635339,2502.4506963075683,653.4696985592087,180814.45379548072,15.533333333333333
1428.3977556394807,1525.780550486255,-10356.250993589487,82325.57687568078,0.9666666666666667
2122.572026689763,3807.515170508062,-8230.58867322551,160699.94411801684,4.366666666666666
1969.324499892545,2768.8828601520136,5429.974144662998,209075.4647547709,16.45
1104.2551347619733,1843.9173610014552,956.9220633477139,156567.83809823694,5.683333333333334
4268.6545839862865,5558.076519002903,24592.329072980276,377883.82796579594,2.1166666666666667
772.3292738360923,1251.6307788334996,-15586.115068749075,190227.8531114975,2.033333333333333
1962.1457877224552,3099.1096966709297,2254.135750046351,266994.58607432584,5.0
1340.1791570597647,1773.3313207860442,-51.16794341019604,156425.2962259449,3.9
1274.3601259000486,1755.030300531721,-3834.7146373964415,94603.12411605526,0.8
2201.7545196816627,1897.032787944338,-49402.47580472845,96108.76564436384,0.31666666666666665
189.7627748514916,134.50326861707055,-6.648581703419583,13341.138877290292,0.55
1624.4910826041455,2002.0837754748306,-121.82006166413228,204881.84203655703,1.7666666666666666
1628.598350565509,2936.9743680938764,12852.92105842708,379913.07311651285,7.483333333333333
940.4496445082424,1660.1708959127232,3067.803282307217,176444.1129215064,10.833333333333334
890.0974496213561,2226.136639219548,15799.722412831701,475697.6238438653,6.95
1022.729765746744,1884.9078093846565,8031.021054938436,242350.6835309903,10.733333333333333
3112.944735715384,2806.4322942567214,4095.0384277536214,202722.1174104584,6.483333333333333
2929.2109662923835,3354.3845168099365,-108483.55623636897,143834.72183735645,0.2833333333333333
1212.1913659723625,2661.4210637324577,-335.7112401520928,159132.97072362536,5.466666666666667
1199.1535992408342,2543.6832270290543,4907.2384497541325,261188.55691966214,10.45
742.3274550257078,1852.9650794147744,4965.611907820304,161319.63985985695,26.9
2821.7193131130125,3790.44853098944,16020.191333601926,274042.46045540646,4.25
1311.2853066292057,2631.8829649282634,11385.514134561827,384197.246527497,27.85
1179.457636166521,2338.4640649997336,5273.136999714649,223669.69653795278,11.133333333333333
1258.2247761733877,2457.577976977109,4624.912945211483,214465.05395429145,8.833333333333334
1618.9555097243622,2824.695386239104,10147.247286654045,299802.271940378,14.95
819.3166737782926,1721.9839780184432,5453.85316135148,152194.92107820328,37.266666666666666
939.2070760533156,1997.5655680581117,6516.078041730497,238932.6497073112,9.583333333333334
2586.1225645078557,3673.8321917564654,5119.070579850974,188210.9258086904,8.966666666666667
194.38096262833213,186.74934857607653,-6393.458450134787,26693.863289741348,0.26666666666666666
1209.4760603540026,2401.76403722122,2337.5997015521084,171376.57603444598,29.133333333333333
913.5184435022844,1796.4182362881763,794.081673609269,158820.47536185168,12.633333333333333
1466.9946345929252,2771.976658315394,-766.0857338159069,207071.89381450153,6.85
2023.519127464974,3464.471677777212,2937.1973921136,259342.07727334084,7.266666666666667
2805.933398173679,3346.392916625112,12914.277405331122,248085.9094886064,1.6666666666666667
1541.05780138073,3203.0421443262385,4966.043268665299,241746.2851245349,14.666666666666666
1073.0101847099893,2358.2821351432094,-5990.63394216112,89368.60780536398,4.083333333333333
1301.632577497053,2825.483335355459,7284.085756829734,261174.9350466995,22.233333333333334
1570.831282920573,2958.0755836097387,15239.52356242822,358054.44492025714,7.7
2751.85505240236,5200.12521565256,-4808.705413473635,273046.9161811099,4.633333333333334
1725.9269245712537,3575.4785124293735,5026.387202375195,258887.81185398015,12.85
1455.5701513363915,3274.4510296946237,3320.3364794102,238717.13934311186,22.95
1281.1790981425238,2363.2349024258847,5118.3315826284315,237340.3181142808,15.366666666666667
4143.701173457914,5407.5881646510115,3872.31022752124,410383.3231277227,4.9
1097.2511121197256,2379.2789972934866,2854.751595367649,149027.41803492783,32.983333333333334
1767.173652674628,3211.2095697457908,7714.297612423441,302465.898768069,14.6
1252.5419863752827,2485.473089214935,-4935.680550343432,147719.18564351773,2.7333333333333334
1697.435572248783,3003.2622331449893,2717.106295431422,279600.66760663537,11.283333333333333
1211.161394872247,2605.3494467747996,-608.5884930838655,176296.7687204229,13.566666666666666
868.1348791482185,1764.638836457869,-2623.8602238579565,149126.7433698992,9.566666666666666
2198.4342742350896,3923.3999183687256,13877.254766051323,585944.5787245338,1.75
1234.37224385352,2354.482183020982,2526.497292961012,198483.89226891132,14.916666666666666
1529.9725948741507,2901.3398880328327,5611.572813866206,311565.494386423,11.816666666666666
914.4514649323385,2142.2982795323937,3158.7684469011547,211243.45370318223,26.85
2839.93372102666,4792.330797195093,17435.25183550632,451051.8308479831,6.25
1842.445632046819,3489.9596817099286,12713.894588547448,392781.7467485273,12.483333333333333
2153.9192211060486,3560.0621176647264,13796.327696256365,378042.96712376334,12.566666666666666
1374.605047310255,2593.3382780154757,6247.05746093696,262666.521191482,12.366666666666667
936.5175738139259,2035.570067524865,3627.9530493000316,189939.37989323592,25.4
1020.7277097372641,2209.471216869316,5320.5656383615615,201438.0259605712,22.416666666666668
861.4718742675901,1479.8825127046953,3349.436984993642,124869.17714588845,21.583333333333332
654.868494289214,1161.095392081755,2938.8637194130324,109953.58798061337,35.03333333333333
1819.1525213777788,3208.997725016004,19591.013096615145,370399.45079804154,4.5
1313.1503666455992,2039.8131460682068,4141.454611724902,166604.64338165833,7.566666666666666
607.7968534148665,1642.491374426129,10005.000800200953,223359.6108418405,3.25
647.0558877087441,1737.208171961332,-2.1668755513886073,123145.59592928593,15.0
483.3028114707007,1002.8347603890704,3938.5107727921427,201289.2917225365,17.2
1567.3469735599836,3349.232471779501,4402.566007421356,261534.39872695378,17.033333333333335
1171.5356822891738,2401.8163631156826,1940.9884672326025,179438.05457781747,20.583333333333332
625.9683735846618,664.9088577492694,-2486.4421487292625,54209.833778212895,1.8666666666666667
1824.130734795371,3194.3516263736583,-3704.55339133649,190798.9837462952,4.2
970.2849565628441,743.3970247554621,-4989.101752443257,48664.89441550196,0.85
1450.3049536900946,1531.569638245964,2096.054999291685,111865.25927924548,0.8833333333333333
1131.8240878340662,1708.5187296820545,1203.9166742972152,191999.96210960476,2.466666666666667
1356.1364576898839,2675.1646289546984,1804.7900521161694,213556.9205538224,21.05
222.92413368636704,141.64208208499494,939.9529530905482,17750.281992002238,0.5
850.2301062349159,997.0945572289203,-99.58807282838141,60261.83504721809,6.616666666666666
942.3640665202296,1432.7593487767638,-2176.438805143406,91249.0994553637,3.4
1567.7143833749958,3022.6362677658108,3526.0244436257653,231206.9008305924,20.85
134.50300935497603,22.895814221430847,-1059.1936248566778,2711.8374170293205,0.08333333333333333
1385.3379451640742,2201.0562105823824,6881.57899199606,195532.68530045977,13.483333333333333
792.311366656741,1483.2268000097622,327.58458400538615,128190.8518341022,2.3666666666666667
1802.0731294509537,3368.149630287249,7018.860207785951,250792.09800260325,8.633333333333333
1298.7453673272514,2250.2666732511107,2783.0794742945404,141661.91159957676,7.95
769.3926702068449,1510.178050907962,1234.7173912945339,104936.23268885275,16.85
1150.4273508947354,2410.940454718861,2409.7016872024337,135414.165786774,12.7
665.8435784711097,1420.2334687488808,875.3875520557074,129587.36227192475,10.8
1226.8553458845438,2259.706756173246,3836.4489096136253,156580.98292867056,21.766666666666666
957.5711506588236,1814.2962480073272,2361.415613826527,162388.87827806655,24.05
1470.191519800737,2317.343040540406,2516.4940627747865,148808.25820696406,4.55
688.1484971877828,831.849852142156,165.37801765092337,64756.710229623815,5.816666666666666
871.6938180649641,1537.7638838861722,3306.9478562214763,165162.85174914834,6.5
1255.335737837395,2119.3037269458982,-1714.6741222398985,122505.28760947686,6.3
2403.7780826693374,4436.060579855059,6222.0049270319705,316783.06113400025,15.166666666666666
1251.557648475742,2600.188035324466,3858.2022568832417,191362.15491644604,15.833333333333334
1436.333557522739,2607.7275579627153,2915.5151622319254,170266.5060564202,10.416666666666666
1697.551132423797,3814.556432043448,10552.80430608311,452525.8468278627,16.25
1088.6020424869157,2055.4600500282427,1178.597705301193,155067.83263886804,9.166666666666666
1519.9530505907817,3237.6542637674615,3646.6537424969456,226445.67362276063,13.416666666666666
1304.4656368357496,3038.0015604846885,2064.098962777923,225586.98363907618,32.86666666666667
1815.7539033103915,3752.2786391483955,4026.0150830063108,289869.13672379765,7.133333333333334
1962.3528538696592,3577.788177263647,2782.030598200851,259187.38646296228,12.383333333333333
1383.7965753667781,2573.239430781953,-1096.0634754969244,185195.39802923106,15.266666666666667
1508.589380051209,2973.1326047293464,1298.0955872613408,204433.94831353932,43.63333333333333
1456.604079753698,2953.3300137431556,2319.570925108226,209463.2808375268,21.866666666666667
1755.1304559939008,3140.3729666931577,3629.407697042938,206461.69841497214,17.25
1128.0132146840483,2827.1655183606335,2725.8054651111424,213972.5808495004,17.7
1513.7224374143955,2803.3403896176937,2052.712910459243,208135.6708700473,13.833333333333334
1125.5966821513807,2161.6602457414097,1472.646388545035,175898.95793698693,12.733333333333333
1597.3751514149303,3408.4198172641136,1290.9422367187246,208089.72596009652,21.85
1981.987723887791,3573.121415434713,2389.8121404244025,232038.91852552496,15.566666666666666
1576.7499821924207,3173.4387217328817,-1343.2578656196845,205683.65047076604,4.6
1304.0033277758082,2721.0336434678984,1191.0058690026697,197833.21540166647,40.53333333333333
1552.3651902269562,2717.2977788861303,2251.5594479778524,200798.92520693978,10.566666666666666
1459.4434801294087,2918.8101279375387,-869.9055128432838,148689.0046822848,9.9
1213.7630002210078,2382.6796064656364,2966.7599665726375,140529.0457058888,7.733333333333333
1044.6556500965453,2288.3505601082643,1434.3834815576276,187157.40015831834,14.316666666666666
1132.5648108358607,2715.696012609466,2070.9492713140744,190206.06266494674,28.983333333333334
1118.1430048775117,2518.571130318062,2180.179855956864,168659.63941211384,18.55
1557.4990307276717,3200.6926698767757,4568.217153366886,246239.88274091037,11.366666666666667
1638.661238138599,3191.1956943146197,3709.553980866548,242044.45292922837,13.566666666666666
1859.0698912632324,3358.2465117479,2094.376852713202,226338.7987756611,4.183333333333334
939.6528560943622,1797.7382741650347,160.3401479458689,157377.93140708574,11.866666666666667
1790.7224155264269,3319.3387499843416,3797.3354160477775,237459.8969601574,15.666666666666666
838.4174294446898,1601.0687153210542,1206.4380564262324,128224.50062707497,23.45
814.6539540614355,1535.4106599476413,545.8360686446886,140052.34608096947,26.5
882.8366931279138,1721.4972465277742,879.7161389908606,124860.09284455761,25.433333333333334
1430.027604001017,2804.74293271643,2832.533160456346,238359.26798531902,17.083333333333332
938.0849437848648,1694.9085984184212,1294.0823134554412,140670.82037899856,5.666666666666667
2263.967553037714,3687.0279767988027,-6661.932159029204,134778.2810886875,1.4166666666666667
1730.5710594144223,2909.629581205617,2190.884983281064,249221.80178491224,13.85
896.736452590746,1605.916794475496,2352.331378477807,124697.06621596351,9.533333333333333
2150.7707069857547,3674.134020441443,2365.9571222672853,301275.86104011064,9.283333333333333
1398.2282484294994,3095.15763717221,4663.911031754595,247303.19836520462,25.833333333333332
1487.5991253456277,3164.320099085316,1302.0415948379332,209243.05870950184,18.916666666666668
1367.4429220792163,2779.140375573572,3509.841721807422,205653.41349285556,25.316666666666666
1348.2280303627308,2707.745814052008,388.954702158961,193116.10688731328,12.283333333333333
1804.238426424396,3473.8267836298824,2080.428991260085,251262.5022988829,16.433333333333334
1557.2205742943802,3055.0348657722207,-1398.3195430492149,192470.7545119166,7.35
1132.7206154245773,2292.45639787781,3215.3332868670163,191426.2232909118,34.3
1092.7822475541082,1865.779159032641,890.149131351109,163085.61498412324,8.616666666666667
1920.767458515012,3640.6605956251155,2789.4754878052354,247975.76770678285,24.416666666666668
1657.53884637417,3099.5265350858676,1221.446699389124,245613.37585048837,11.166666666666666
1094.3333934839209,2121.7419529433164,1032.7761053259005,152163.95350734424,23.05
1134.2594903509544,2629.0904709411634,1200.6645092042995,198382.8073919046,31.15
1048.713059123881,2101.0154378574753,822.0079088113466,132189.151172016,18.766666666666666
1102.3310012609666,2114.0936965588326,1859.1809739755618,146501.5791030804,18.766666666666666
1615.0796455096668,2777.7960112989704,4600.573740768556,245172.29800472126,5.116666666666666
1270.3749426452034,2451.514527344285,3425.7903689296463,217033.66225514305,20.083333333333332
950.2857668253592,2228.9410254226896,2568.464843664119,159346.0409261565,16.883333333333333
1108.0000771417667,2366.5998221874315,1785.832199402804,176921.83964590018,28.616666666666667
1106.9387999926453,2409.345569851146,2577.635957782237,249366.6290053944,14.833333333333334
449.637054057771,635.8811708833517,-4274.852511905687,50142.24169322178,1.2166666666666666
1003.086073567153,1868.7621854934716,809.2077041500264,153463.22823653952,14.45
1356.3314991292768,2605.8319266054186,1200.3729988644486,177692.50748232208,13.85
1177.5355181949378,2367.1768014484405,-846.4997110170176,169052.31666860933,11.85
1376.6615195343118,2967.0970575945603,2091.3837291463474,187399.16182298382,17.05
793.4400521297151,1647.867428808333,-117.81704095370527,97225.01621110103,16.35
995.6785204492288,1750.7179309225917,1626.496337578476,143684.7025437407,26.2
917.3856286857422,1322.9095361130578,2069.452964406927,125687.72568692549,7.05
1137.2445793562717,2128.0622394028755,2300.15401287117,162442.8039595803,18.4
1025.7150208604785,1826.9868627040446,2713.511866054305,123577.36880976359,29.25
1033.9703950651515,1864.5822122205388,1185.3840966567855,161497.258601938,21.3
1118.8292256200302,2107.7806699416747,2121.605035508201,196535.9399826189,17.983333333333334
1209.0137014357458,2539.863891170491,-391.2788262610369,186412.69100353884,9.25
1846.4672861817826,4410.672135183164,8566.916025694833,284004.3221305517,6.683333333333334
1581.1716316112427,3326.685994566779,3014.4404130125754,250166.27750306757,11.933333333333334
1535.6850657876573,2908.2822445005218,1192.926531712724,184222.10681022194,30.766666666666666
1266.5710585997742,2381.143537295419,-160.65227623722762,198209.10775559075,6.766666666666667
1323.75169110691,2638.6557236903977,-79.02161250476168,191037.8934350881,10.016666666666667
1195.2930567684823,2582.0169411470024,2099.4876382854636,196873.55425777673,20.083333333333332
1344.9182637883134,2682.913798598271,1632.3830601233024,188705.87553602352,35.65
1431.6656168047102,2775.2808278925377,2572.816569244411,213302.67591413902,29.966666666666665
1206.709477628245,2318.404360094541,2157.2059407316247,179039.42611573526,43.016666666666666
971.299876906862,1979.8811884716702,1652.3855964307159,149102.00298579177,27.066666666666666
1352.1914040840857,3009.9727124790234,605.5806617645243,195284.31673938083,30.6
886.136600149874,1563.1069916873737,187.6095427816992,129171.85010536217,15.083333333333334
1841.1127662420186,3476.641848902378,1966.594172442614,208636.54499324958,9.233333333333333
975.5363371521149,1469.2926846360258,2910.267888973367,139642.19987964127,4.3
2178.9872961087203,3645.72009616205,397.2530280268675,278035.9251825125,5.5
646.8127574339337,1328.6815328522541,-41.54159278913176,105454.57377172959,6.133333333333334
1744.1423696861784,2001.8421300874122,4009.9484209775464,144799.78808178316,1.2166666666666666
1612.367639700092,2684.4407082495777,2945.5202519857276,234025.23899284462,10.566666666666666
941.8428940126728,2140.3977018879814,7721.3917367808035,320110.20049131976,17.6
1345.8331082729073,3177.913969062702,1923.2961945745153,271205.14104173495,12.8
1109.6506702913005,2382.096511658856,4870.304654448349,213373.8561616882,22.75
1280.8628471068564,2775.8932222155668,3912.0095192722792,200652.9352374115,24.166666666666668
762.6493756735208,1515.4616699523895,1405.3699871170045,122950.50548681681,26.233333333333334
1192.5219826678574,2676.116292663005,153.48123026000053,183577.67698064554,11.533333333333333
1361.9311676591574,2656.597877955649,7839.092894077851,236263.5825172923,6.916666666666667
1106.20907383411,1781.8927197420303,-52407.58649447555,92525.56809928062,0.2833333333333333
1262.0178787399761,1981.4838667399738,-13602.356413532685,96714.7992830558,1.7666666666666666
1486.0481765500604,2706.4339618196336,4904.872128200348,255447.82627833218,15.1
1013.1177956994662,2083.6594098064515,552.9910676681445,139625.3163466173,8.25
959.4477072287311,1884.1290964421023,928.6213478787797,164971.07353912282,4.383333333333334
1896.1007359764685,2660.1028846176177,-22257.249369277342,132028.54567302405,1.15
1478.1903850571055,3270.2523418620704,3817.169826450187,301507.73977079167,20.0
1462.0683043419422,2846.421160265812,3875.817993891207,226431.71490362834,21.15
1795.0847983364558,3523.6198028823474,4047.4082465997953,276111.32176470204,12.616666666666667
1183.30549162866,2836.599866030331,4944.054676250396,232449.29099080502,28.983333333333334
1312.2294959133042,2822.364075047273,4499.316677532121,214184.4592334033,36.85
697.2272707416522,1575.6569329900997,2706.6921727023177,140951.48093430852,52.4
1101.0491203246997,2228.9240083336153,3358.1141832302415,186775.02060983234,47.583333333333336
1338.6301068828805,3062.6392585955246,-12.831953738213771,172823.71214201092,7.416666666666667
728.8193936996664,1492.3717105719877,1471.825155066398,114191.43429574095,24.133333333333333
1129.113532302127,2469.447732299117,2250.1938380006786,192006.98566584376,23.25
1419.6130152265214,2799.3474971839673,2732.532036242142,225329.1466557017,17.2
1205.675812555538,2964.6425405262466,2087.591921227559,214402.82381011944,6.9
1090.2525689672034,2167.7293644992096,1498.5779679793377,186050.26557832098,12.45
758.5532161479498,1741.381735560902,2334.9694872324035,164606.5743886617,11.8
1822.8284804432687,3644.9790422,2006.5647817045844,320024.8107257915,2.15
893.7262317826785,1550.9767722603378,131.99950865245802,165586.4499983323,5.216666666666667
1461.9798550226662,3053.7612709710943,-4436.590995428868,246674.7379577108,4.916666666666667
681.5851376228037,679.3603036030211,10.165012850348973,40189.25698563011,1.85
1214.5353219387407,2342.1775860196008,2160.5783419288255,181780.83108574818,8.883333333333333
1276.2133069536617,2774.2364726934115,2043.6664423146924,228512.29755300694,7.2
1122.2155369522607,2500.9452783565675,1557.4653125184548,163341.4369950366,7.75
926.7754686592465,1760.7961101832716,2094.8465175336023,174995.7478466255,19.716666666666665
1230.203244487839,2462.5966551455263,772.2951401891669,169272.07449984807,19.05
1489.3143874988468,2557.579680591918,2510.178889294509,238008.65673998464,13.25
871.9739313760325,2081.6710309900054,1889.7135990603244,160524.53837647705,29.233333333333334
1297.0038075746854,2567.43466830889,3528.1814383297665,208992.9730825643,23.6
1072.8036993810535,1614.046347407703,2680.5349397928658,146098.18415431934,7.183333333333334
1036.4846536465561,2201.1904661732133,739.8373867694177,151317.29431416572,12.4
860.7521009306072,1184.0213654362537,-6513.191126861039,37203.090113515515,0.9333333333333333
732.735060652267,1241.0853644705285,704.2278133162738,120157.67296838954,26.033333333333335
935.0365220367652,1559.0466959037792,2295.0452081872436,166646.0476342943,18.116666666666667
398.1904665945593,508.9950309721144,393.4838140143481,42407.036638053345,9.0
890.6780141374917,2422.9866699040563,4040.7532143780995,211722.16182697832,22.366666666666667
768.1928932201396,989.5572610525873,-3388.5847432049213,48759.1949499227,3.15
1341.5765234002972,2699.397500154,6000.311102080734,273291.4383178791,23.916666666666668
931.2656665980379,1574.171201639075,1154.6267095828398,130171.9795751265,12.266666666666667
498.48588367271924,1296.3719406165928,-146.585290265557,105663.76875155317,10.266666666666667
1754.8412418903795,3301.7592526027347,9555.473541798086,383056.04368370574,10.883333333333333
911.8599228291589,1759.1831841575429,1465.800959960129,154787.56906103026,26.7
1592.3923961286337,2713.1798088457567,-2555.142166672187,165432.59232471316,8.733333333333333
807.0964923792676,1429.1256000007693,-6460.991561735491,53342.82338932509,1.4333333333333333
1481.1221998009935,2828.6168501992447,-3098.495129221915,235533.79069415925,3.65
777.4594305730957,1443.8538935714296,653.6024403449309,125050.16657763769,11.916666666666666
1710.678205638577,3363.8382709706784,5839.80187749196,296709.6451645173,18.55
2428.7740476656118,4473.803042819386,-3367.20700278219,322277.0821028845,6.216666666666667
646.8625000715552,990.5380390576307,985.1327787022558,59084.728578289105,2.316666666666667
1537.2425839833297,2907.8950072801827,-1915.5459808183336,213962.42001517274,6.25
1657.5763767591868,3481.1959577674197,3917.037199994849,271784.17474542075,26.6
2284.9354049612257,4162.53238250625,546.1328296236037,278146.3805131028,8.0
1724.340988372688,3126.212105686046,3415.3069071974637,236531.9815712303,6.183333333333334
1245.747629147944,874.9542935738334,-10061.586506994954,43058.04313172224,0.6666666666666666
1543.502433977458,2558.6268153062197,-345.5384088637434,241603.44429371055,5.85
2400.387698358926,4068.6047795770605,4176.916033230732,282039.5361971667,5.433333333333334
1707.1109330816162,2552.261480484099,3971.392164908398,205105.20281175175,8.233333333333333
1633.695573052534,2980.711393245141,-471.18916259190513,182833.25234639898,8.316666666666666
785.7627783454541,1661.9127823880888,1960.460795447776,148823.31281037102,28.75
3833.2509510769787,6183.831540277494,9559.618568816702,416873.0780554101,4.15
2306.939717551423,4960.37633010951,5599.9718918607705,254373.34193692752,17.783333333333335
1408.839978637623,1716.9078378553058,-39592.431351919855,84457.1140994514,0.4
1775.0597230077806,3077.3771834731792,2098.3191860836155,201147.70919182137,27.05
2127.731009945197,3744.033836949091,7828.3728369746395,340604.55883760634,14.55
1666.8990597614106,2743.8401653466676,6291.450531532283,325714.1231624746,2.0
1403.4607366899008,2378.636111264548,-546.9090857803976,148335.3370558889,10.2
1496.32161182403,3393.966360950408,6960.182485502515,365099.04068091465,5.016666666666667
1254.5457869355391,2251.280879754829,3169.5838642107065,144517.9695976256,10.783333333333333
1295.313500020683,1830.6057497729928,-34648.145777651844,111421.99800212508,0.6166666666666667
2380.306525366858,3924.780060616036,-11514.200598395606,151888.20929548825,1.2333333333333334
2287.13723219097,2840.105548570149,-780.3806282012953,252917.08233744753,3.0
1092.924005410262,1013.862009991008,-331.79600483170896,56553.81067316897,0.9666666666666667
524.6119502152903,345.6076743158455,-2324.2078326169935,27743.014101580517,0.5333333333333333
479.7330225757932,568.7330306380178,-4008.1546179641423,32889.213240023455,0.65
2891.9129433249386,5291.690682613405,-11058.351945959583,377288.7728695495,4.066666666666666
1113.6346284692822,1992.4869922340506,3372.2406420325133,192228.53891905968,7.383333333333334
904.8241997299249,1847.856796199939,3132.1623189224724,184108.26576957136,17.15
731.9517899491839,1274.1544289455835,3799.317939485172,85298.966601145,10.583333333333334
838.545135638757,1707.3197818810268,1988.885389451554,120072.53370886974,34.88333333333333
1388.5982213421084,3235.8830964371687,-1882.858513687462,222876.16471938536,7.6
683.8428256430121,783.370625023901,1701.1516074089186,75827.5818564957,10.516666666666667
1947.493973085128,2799.6416224833383,-4581.784711008552,188665.397638744,2.783333333333333
1189.5318720666844,2717.6894013962747,930.4386557446089,162957.61107363543,18.65
531.7864958111902,890.6915542814103,-312.81369228716574,48944.42915155173,8.6
483.071778847582,558.1719967041141,738.9904524174516,27635.262094135232,3.683333333333333
554.5123364671512,760.108856157262,979.9180997385773,54906.61072746607,10.933333333333334
317.8437303783467,766.5874027165358,943.1236691524803,47204.93766776898,53.63333333333333
1183.2150777066242,1894.9752186321232,4153.466115470045,163876.47408545308,13.85
2715.278520759814,1949.2892057534193,-5840.505039327052,128021.45251131643,0.9166666666666666
793.2635964792141,1724.1072072242846,2225.4256183259413,133697.65818114195,19.35
818.9917404878602,1915.1519363788973,2895.919914022563,186538.17649899426,23.316666666666666
1864.2635690436507,3153.2649323462156,3618.5909005579965,241244.82682114342,8.216666666666667
732.4644761107976,1943.6099491969708,2314.2840272082044,139422.56403282058,41.78333333333333
1386.0490876861504,2789.5399910269657,3243.5660197238158,211499.579651856,38.88333333333333
1185.0398068076693,2116.4400354659692,2250.7058266882955,162669.55508038076,13.416666666666666
2105.1066329974574,3597.0676729915162,7117.2823911760925,269885.41002410284,10.183333333333334
1106.44098733172,1240.6986054705953,-2223.7103240117594,106321.41289416773,1.2666666666666666
1357.3485503522152,2683.891653417445,3126.315790601367,267592.0433335337,6.883333333333334
702.9408312447684,831.479456359593,-1378.8871238974777,53223.2050006567,2.033333333333333
765.1940776722975,1516.3177867098498,1498.1989257075602,162000.22027155533,2.6333333333333333
1282.8763236493032,2492.520425031976,14252.733085077343,266538.28832110995,2.6
846.2071245700914,1580.5526947930193,2102.015474313652,122223.91364351742,19.1
1169.4234721483438,2090.401365449106,5410.114908366584,187553.03503813627,12.2
862.4055872622623,2237.931586001909,2188.143233153281,163028.25119117083,8.916666666666666
653.92969961999,1059.4504978799273,1224.5111056961127,102204.9855053296,4.65
359.43567833515016,203.29165366699007,1743.8495486701722,17352.676104539216,0.6833333333333333
1306.670921561267,2602.8100686956577,439.9037249935365,219510.46375378227,6.6
1222.8888029015636,2184.904243195091,-4967.102631720559,243128.526312301,2.566666666666667
2702.8265013106397,552.9963435078884,64998.294534661545,99987.10664580057,0.08333333333333333
556.4062549352138,826.3477147359174,1843.1634029977145,73316.26495884532,2.716666666666667
1314.775125781001,2629.611616734399,-29309.696905523637,77531.23556836847,0.9166666666666666
1598.1206366401632,2440.0656607214555,-20333.73703426527,59783.6895468733,1.1166666666666667
739.6919006012195,747.8155651618827,-1892.0031418812407,78455.10146481032,1.9
1520.3439744626028,3053.402576664415,2606.7496902940497,248983.95164400153,10.883333333333333
2083.5344401905095,3407.880820996,-567.0006590120176,318105.1042544262,2.1333333333333333
907.788242331458,1760.3472563283897,820.878912145487,107096.29816941827,20.766666666666666
1508.128423494615,2571.999207628588,-5001.449825058584,163359.25836338848,4.283333333333333
1382.9809104565768,2522.466591956015,-1090.8742909704877,154093.94876913962,9.083333333333334
1313.0371080107925,1748.6651336049129,-18695.57332507358,188355.80456440084,0.65
966.3308345210281,2208.2124294923306,3120.1497882542367,163355.29757128973,24.083333333333332
1290.4309124036595,2391.110057391249,-3811.3176727954274,235683.8880748787,2.75
1550.1041444823113,2276.8205261762587,-4025.792863103982,99293.94986560104,4.1
1712.0244480636588,2074.8586412680606,-371.0137339140077,207199.92870563085,1.2333333333333334
556.7434211514318,596.7619549394637,-2340.74486227069,30013.635589679532,2.6333333333333333
1297.0009127163798,2425.292593251907,4541.294821488119,223710.71330016828,7.55
928.7706042745185,2474.1517052789277,1098.670865532503,179375.76059387054,12.616666666666667
858.407368731448,2032.7847252838908,2126.6597552462677,157613.88004671384,29.85
481.0984805261862,452.8041715364556,-3010.1006765356806,27071.31997660203,1.3333333333333333
508.70730792882864,950.1928761545266,669.9911615119008,79270.0675038493,30.666666666666668
1756.3362091378249,3506.365512543996,-563.7915940639291,219554.62532785637,9.966666666666667
1173.5186973017828,2657.004708241816,4087.6742534947184,204303.6974083904,32.25
1525.0021057756103,3118.2584787444575,3129.270883231213,242647.0456474266,9.75
1257.7068263006333,2485.195313011258,2366.3045352408253,202644.58873024597,12.383333333333333
1341.4639091468546,2444.3938724970544,3570.057450236465,221667.74518145577,11.9
1162.7587392001644,2332.3593925512664,3485.489644739767,213361.0097679908,26.783333333333335
716.844962076166,1717.2884014115891,1725.8447976281618,133461.64736308786,25.7
553.2962084351209,1310.1194700033388,724.4352617800581,105664.94560194666,27.5
1867.3271317586132,3118.392822063978,8092.806400811442,299704.6389102631,4.583333333333333
903.3242382053083,1668.903933694227,1170.0093442962705,86654.11646675612,12.366666666666667
392.9430311551926,635.3283613397464,12.092510868494749,45385.29708361942,16.7
953.0784049529873,1703.379999762084,7462.384790923132,278515.7266735707,21.35
1551.2907511256305,3338.0214106310286,-5919.634551760059,165715.13545215997,5.566666666666666
1247.1510960239227,2613.059803559328,1029.248165029132,259169.22747695187,17.066666666666666
1608.5313610821038,3367.0194664697574,5041.007213171351,350973.055765344,10.966666666666667
1123.8549526902582,1374.1831021425357,-16280.692679443104,67396.42675994302,0.9666666666666667
505.27299197233174,1051.059667823503,318.92817415575365,76978.45194750768,21.766666666666666
1328.7001539363002,1533.108053385574,-17067.2570445833,50319.19688597502,0.6833333333333333
567.5846841509276,812.4681919716858,-5494.442367900696,89077.38340512608,1.4666666666666666
432.88357615121987,775.5593785876657,589.9553266437862,55904.372935890955,21.983333333333334
1632.61556245786,2849.295854968643,711.0619358384203,222005.7578748726,11.866666666666667
2746.8879619146715,4120.4929813041,-5637.5674481733995,299103.79720627895,3.9
693.9142210447457,1371.559859511738,206.40648507310203,102736.35696970778,18.0
773.3204384873573,1268.5050290690656,3339.479668733732,74786.20207113614,1.2833333333333334
676.263165208971,1587.8816895974137,1544.7679350912242,139519.92333496155,3.6666666666666665
1321.3232941246806,1982.4924451891827,-5475.1393418802345,59748.59993272242,1.7166666666666666
396.3488020437223,213.76671661163311,-604.1468172324843,21151.248636691587,0.5166666666666667
2612.0949159649203,4561.201285161136,17088.16975904289,416006.88771576755,1.7166666666666666
1995.1597577984503,4066.254377541203,12735.945420330929,209528.27242076286,5.3
1388.2154992915207,2326.889341207888,9282.835340822787,220070.03960860928,17.9
1073.434162828567,2436.9401997871323,3084.820271250194,214861.86340304938,16.633333333333333
1049.7924291794957,1925.7204587779686,2337.332808450984,163018.83868752333,17.566666666666666
1350.9231445768548,2698.5716741722767,4981.972225554951,245483.65188650813,20.333333333333332
615.007172899693,1103.441273922763,930.2679451926007,52083.098836828656,10.466666666666667
960.124040163558,2042.1384691085625,4721.484097458616,218259.2455797909,11.75
925.6456660796358,1893.9116423549349,1607.8350933164,138727.6505126184,20.916666666666668
1040.547668251932,2416.4165792550425,3228.993685493264,168381.12674291848,11.1
767.8707574732812,1712.4603405477737,4780.956882175705,217081.38961877613,4.333333333333333
1001.5896280502137,1376.9922537442344,329.46659663443603,118617.65701904849,3.683333333333333
659.24237423459,1071.7444555366908,892.4184155018668,105603.32650420949,5.466666666666667
1159.5902021981124,1071.51573502666,-901.0505260706254,59957.99175980557,0.85
2060.1209661841676,2810.2852947798974,-4940.636876105154,217927.4284536651,0.7166666666666667
1260.0122065818512,2592.0962933996198,3767.0927373771306,175991.85747397193,15.433333333333334
1235.1786939205658,2434.766461644423,2439.684285128665,163092.45484802025,15.833333333333334
1050.622150945693,2270.0430479690494,8432.254540509424,278199.33841820754,6.933333333333334
1451.268150936811,2401.068557448269,6816.596139185835,214734.96595568582,6.483333333333333
784.8989566835967,1340.8609538112496,-24054.697072899722,69341.35508231205,0.6166666666666667
1729.3046420295686,2313.9499223093994,3876.6906610509377,209906.53901736852,4.8
465.5523893379538,534.7135825450039,-7164.138883760688,26724.815090459433,0.65
1059.4180795695154,2068.245571897616,411.26002898575416,139738.16123496086,6.4
1005.0694991203535,1932.3385851296962,6631.292610624812,225740.57463030075,7.833333333333333
815.5338646389887,903.6618293278478,-2517.4328668100984,37734.807060492036,1.9666666666666666
2476.7110100605128,4380.671563700923,-11511.50850374671,187662.1435019333,2.533333333333333
602.3645455686911,1772.5773429691192,2463.225732185561,136016.50298090823,12.583333333333334
67.20739147467697,54.72497430191299,3059.4279137105227,8946.181301104503,0.45
1329.1091867507273,2549.221392977141,11454.122830135497,278675.2859864657,13.05
1543.6128266603773,3039.11079809578,5703.042174683351,211292.22222704958,15.416666666666666
1152.6057823472654,2563.522924609418,6835.530580179967,274987.1266200837,15.633333333333333
1748.9591403611998,3877.3978312104755,14321.673526528954,696947.390704198,34.63333333333333
2419.8610538561043,3679.839306686173,-10308.613683734926,357394.09890584915,1.5833333333333333
2506.8382650004673,3218.976965124962,564133.6302409478,3802085.891814662,0.8333333333333334
1271.5272085355377,2539.6479617787286,20798.522294085902,357178.3313257716,17.966666666666665
642.5977415617351,1529.2852224555265,9819.81888480119,213490.87747209982,7.116666666666666
1255.597172853463,1968.8596066509335,42320.27801842041,299863.8149834565,2.3666666666666667
1793.064496289636,4340.736202853101,139576.6579505139,1071254.9670877806,4.183333333333334
2808.9045165129455,5833.0814108961185,436515.2966660567,4586448.878897167,3.933333333333333
1282.7362082499096,2204.2307449775276,74103.89484430949,692112.5454758871,13.9
1136.2070468576912,2152.6675443061254,8976.656317206376,209731.2868011952,17.333333333333332
1564.3375456685494,3231.194138646933,147181.0087830643,3258743.769929765,10.066666666666666
852.6974220506173,2251.9544205897887,11977.203533873611,285021.17582801,32.36666666666667
3279.7096665020827,4532.395488045033,-36899.129662428364,238197.43584725304,0.7833333333333333
1167.094627493353,2587.1136958124225,14652.120483201883,402610.87129107444,4.55
798.5798388110746,1794.9547832406083,58613.74817023893,1125712.1202110653,9.883333333333333
2090.553301755351,4427.8012840883375,24365.106434461104,424924.9774249295,9.266666666666667
1532.7206871307405,3522.1081855253587,120632.62170654484,1975352.7788595867,17.55
1446.3023283934472,2596.8330558186162,30256.96748796203,595327.7633654011,5.516666666666667
940.6958408170719,1056.287803390437,3187.765315398989,89090.85356592304,0.9833333333333333
1239.5765494006207,2828.5433318510263,14844.424795100029,415702.6727443417,19.016666666666666
